Status,Solve,Objval
OPTIMAL,404.40708899497986,10049.752520344662
