Status,Solve,Objval
OPTIMAL,299.9923210144043,9718.343653067936
