Status,Solve,Objval
OPTIMAL,240.83858919143677,10533.95969393976
