Status,Solve,Objval
OPTIMAL,357.52072501182556,9880.237446866688
