Status,Solve,Objval
OPTIMAL,431.04329800605774,10433.265019812647
