Status,Solve,Objval
OPTIMAL,285.4654929637909,10278.47163342331
