Status,Solve,Objval
OPTIMAL,473.10950803756714,10588.524928819501
