Status,Solve,Objval
OPTIMAL,293.944659948349,10277.395684526442
