Status,Solve,Objval
OPTIMAL,288.9822759628296,10533.959693959416
