Status,Solve,Objval
OPTIMAL,310.83242201805115,9714.809696194941
