Costs,Total,Zone1
cTotal,4.224329041322693e10,4.224097422737723e10
cFix,4.069446276077349e10,4.06944627607735e10
cVar,1.1890931322739785e9,1.1890931322738602e9
cNSE,3.068316441834232e7,3.068316441834232e7
cStart,3.267351699115342e8,3.267351699115342e8
cUnmetRsv,2.3161858524492676e6,-
cNetworkExp,0.0,-
