Status,Solve,Objval
OPTIMAL,355.2201268672943,42243.290413226925
