Status,Solve,Objval
OPTIMAL,361.9929361343384,9900.317987252602
